Model,Train Accuracy,Test Accuracy,Train Precision,Test Precision,Train Recall,Test Recall,Train F1 Score,Test F1 Score
KNN,0.8683834048640916,0.8514285714285714,0.8685317982646323,0.8515835042150832,0.8683834048640916,0.8514285714285714,0.8681050685230065,0.8510554737358861
Naive Bayes,0.8454935622317596,0.8342857142857143,0.8456891149614086,0.8361904761904763,0.8454935622317596,0.8342857142857143,0.8455635644895092,0.8345571545571546
Logistic Regression,0.8597997138769671,0.8228571428571428,0.8621304981965489,0.8227140206732044,0.8597997138769671,0.8228571428571428,0.8588760521259565,0.8225414531345028
Decision Tree,0.8597997138769671,0.8285714285714286,0.8603110064144626,0.8284052717042407,0.8597997138769671,0.8285714285714286,0.8593404791724427,0.828379294755877
Random Forest,0.927038626609442,0.8457142857142858,0.927569526861267,0.8460952380952381,0.927038626609442,0.8457142857142858,0.9268709947864903,0.845203828429635
ANN,0.8984263233190272,0.8285714285714286,0.8983848099325566,0.8299319727891157,0.8984263233190272,0.8285714285714286,0.8983592371660712,0.8288187029335732
SVM,0.8783977110157367,0.8514285714285714,0.8873360365656991,0.8522267670782523,0.8783977110157367,0.8514285714285714,0.8767055237155148,0.8508083752981711
