Model,Train Accuracy,Test Accuracy,Train Precision,Test Precision,Train Recall,Test Recall,Train F1 Score,Test F1 Score
KNN,0.759656652360515,0.6857142857142857,0.7594566489845714,0.6878618113912232,0.759656652360515,0.6857142857142857,0.759531678104574,0.6862290862290862
Naive Bayes,0.8254649499284692,0.8228571428571428,0.8261550569726012,0.8278360521109411,0.8254649499284692,0.8228571428571428,0.8256408490945225,0.8231698603139317
Logistic Regression,0.8583690987124464,0.8628571428571429,0.8583475522306306,0.8641548927263213,0.8583690987124464,0.8628571428571429,0.8581436375412033,0.8630549623468586
Decision Tree,1.0,0.8285714285714286,1.0,0.832661591282281,1.0,0.8285714285714286,1.0,0.8288854003139717
Random Forest,1.0,0.8685714285714285,1.0,0.8686191359660747,1.0,0.8685714285714285,1.0,0.8683372071643086
ANN,0.821173104434907,0.8228571428571428,0.822942731380087,0.8237327807835462,0.821173104434907,0.8228571428571428,0.8199467947074173,0.821952063397271
