Model,Train Accuracy,Test Accuracy,Train Precision,Test Precision,Train Recall,Test Recall,Train F1 Score,Test F1 Score
KNN,0.7639484978540773,0.6971428571428572,0.7636520920304559,0.697467071935157,0.7639484978540773,0.6971428571428572,0.7637232899655262,0.6972821979033158
Naive Bayes,0.8426323319027181,0.8628571428571429,0.8427201057774182,0.8689449112978523,0.8426323319027181,0.8628571428571429,0.8426692945899288,0.8630812324929973
Logistic Regression,0.8612303290414879,0.8571428571428571,0.861167481468087,0.8590102707749767,0.8612303290414879,0.8571428571428571,0.861054851614613,0.8573768573768573
Decision Tree,0.882689556509299,0.7885714285714286,0.8826257729267581,0.7895345356581607,0.882689556509299,0.7885714285714286,0.8826285571700898,0.7888211391639756
Random Forest,1.0,0.8457142857142858,1.0,0.8456665783196397,1.0,0.8457142857142858,1.0,0.8454393301494059
ANN,0.8011444921316166,0.7714285714285715,0.8226175834510321,0.8026094769326926,0.8011444921316166,0.7714285714285715,0.8003328120503218,0.7692855269566521
